{
  "group-pull-request-title-pattern": "chore: release ${version}",
  "pull-request-title-pattern": "chore: release${component} ${version}",
  "changelog-sections": [
    {
      "type": "feat",
      "section": "Features",
      "hidden": false
    },
    {
      "type": "fix",
      "section": "Bug Fixes",
      "hidden": false
    },
    {
      "type": "docs",
      "section": "Documentation",
      "hidden": false
    },
    {
      "type": "deps",
      "section": "Dependencies",
      "hidden": false
    },
    {
      "type": "chore",
      "section": "Chores",
      "hidden": true
    }
  ],
  "prerelease-type": "pre",
  "packages": {
    ".": {
      "package-name": ""
    }
  }
}
